[
	{
		"num": 1,
		"offset": [255.101, 42.052, 596.289],
		"points": [
			{
				"pos": [-60.583, 20, 0.019]
			},
			{
				"pos": [97.226, 10, 54.0]
			},
			{
				"pos": [129.10, 21.5, 66.00]
			},
			{
				"pos": [175.65, 21, 72.692]
			},
			{
				"pos": [207.00, 18.5, 93.00]
			},
			{
				"pos": [284.00, 18, 141.6]
			},
			{
				"pos": [342.868, 19, 166.583]
			},
			{
				"pos": [431.00, 18, 193.00]
			},
			{
				"pos": [485.323, 17, 210.261]
			},
			{
				"pos": [619.00, 16, 304.00]
			},
			{
				"pos": [655.41, 15, 329.195]
			},
			{
				"pos": [677.10, 16, 348.00],
				"special": {
					"nodeType": "SWITCH",
					"connectiveTrack": 2,
				}
			},
			{
				"pos": [725.1, 16.5, 375.0]
			},
			{
				"pos": [829.9, 14, 470.20]
			},
			{
				"pos": [884.50, 14.5, 508.20]
			},
			{
				"pos": [930.4, 14.5, 538.5]
			},
			{
				"pos": [980.8, 15.5, 548.40]
			},
			{
				"pos": [1015.7, 16.5, 536.4]
			},
			{
				"pos": [1151.7, 16.0, 537.6]
			},
			{
				"pos": [1277.6, 16.5, 518.0]
			},
			{
				"pos": [1397.4, 16.0, 557.6]
			},
			{
				"pos": [1447.9, 15.5, 577.3]
			},
			{
				"pos": [1623.06, 15, 622.35]
			},
			{
				"pos": [1731.5, 15, 643.0]
			},
			{
				"pos": [2032.78, 15, 651.297],
				"special": {
					"nodeType": "END",
				}
			},
		]
	},
	{
		"num": 2,
		"offset": [255.101, 42.052, 596.289],
		"points": [
			{
				"pos": [677.10, 16, 348.00],
				"special": {
					"nodeType": "SWICTH",
					"connectiveTrack": 1
				}
			},
			{
				"pos": [673.5, 17, 379.0]
			},
			{
				"pos": [673.1, 15, 406.5]
			},
			{
				"pos": [657.0, 13, 442.6]
			},
			{
				"pos": [656.7, 14, 467.0]
			},
			{
				"pos": [646.8, 15, 539.4]
			},
			{
				"pos": [619.5, 14, 574.4]
			},
			{
				"pos": [613.4, 14, 600.2]
			},
			{
				"pos": [601.3, 13.5, 655.7]
			},
			{
				"pos": [602.9, 13.5, 699.1]
			},
			{
				"pos": [628.7, 11, 739.8]
			},
			{
				"pos": [645.1, 10, 777.7]
			},
			{
				"pos": [659.5, 12.5, 809.7]
			},
			{
				"pos": [678.5, 11.5, 858.6]
			},
			{
				"pos": [761.3, 11, 893.4]
			},
			{
				"pos": [806.2, 10, 923.8]
			},
			{
				"pos": [876.5, 10.5, 949.5]
			},
			{
				"pos": [904.3, 10.0, 957.9]
			},
			{
				"pos": [937.3, 11.5, 957.9]
			},
			{
				"pos": [958.9, 10.5, 966.1]
			},
			{
				"pos": [997.9, 9.5, 996.7]
			},
			{
				"pos": [1021, 10, 1036.8]
			},
			{
				"pos": [1057.3, 10, 1079.5]
			},
			{
				"pos": [1129.1, 10.5, 1145.8]
			},
			{
				"pos": [1231.5, 12, 1226.5]
			},
			{
				"pos": [1341.9, 11, 1302.1]
			},
			{
				"pos": [1399.3, 10, 1343.8]
			},
			{
				"pos": [1432.1, 10, 1374.3]
			},
			{
				"pos": [1441.1, 10, 1421.3],
				"special": {
					"nodeType": "END"
				}
			}
		]
	}
]
